{"Best Training Score": 0.8187384044526901, "_timestamp": 1712567966.656082, "_runtime": 7.284987926483154, "_step": 2, "Test Accuracy": 0.7723577235772358, "Precision": 0.7592592592592593, "Recall": 0.9761904761904762, "Accuracy": 0.7723577235772358, "_wandb": {"runtime": 4}}