{"Precision": 0.7592592592592593, "Recall": 0.9761904761904762, "Accuracy": 0.7723577235772358, "_timestamp": 1712571487.2356353, "_runtime": 3.2290191650390625, "_step": 0, "_wandb": {"runtime": 60}}