{"Best Training Score": 0.8187384044526901, "_timestamp": 1712573777.5492601, "_runtime": 6.780402183532715, "_step": 1, "Test Accuracy": 0.7723577235772358, "_wandb": {"runtime": 3}}