{"Best Training Score": 0.8187384044526901, "_timestamp": 1712571559.7995539, "_runtime": 6.675686836242676, "_step": 1, "Test Accuracy": 0.7723577235772358, "_wandb": {"runtime": 3}}