{"Gaussian Naive Bayes Precision": 0.7766990291262136, "Gaussian Naive Bayes Recall": 0.9523809523809523, "Gaussian Naive Bayes Accuracy": 0.7804878048780488, "_timestamp": 1712566839.2914648, "_runtime": 4.147331714630127, "_step": 0, "_wandb": {"runtime": 3}}