{"Precision": 0.7619047619047619, "Recall": 0.9523809523809523, "Accuracy": 0.7642276422764228, "_timestamp": 1712574248.2836359, "_runtime": 3.512293815612793, "_step": 0, "_wandb": {"runtime": 11}}