{"Gaussian Naive Bayes Precision": 0.7766990291262136, "Gaussian Naive Bayes Recall": 0.9523809523809523, "Gaussian Naive Bayes Accuracy": 0.7804878048780488, "_timestamp": 1712566879.0021777, "_runtime": 4.1088707447052, "_step": 0, "_wandb": {"runtime": 573}}