{"Precision": 0.7592592592592593, "Recall": 0.9761904761904762, "Accuracy": 0.7723577235772358, "_timestamp": 1712578259.1117823, "_runtime": 4.732675313949585, "_step": 0, "_wandb": {"runtime": 0}}