{"Best Training Score": 0.8187384044526901, "_timestamp": 1712578083.8662517, "_runtime": 6.566167593002319, "_step": 3, "Test Accuracy": 0.7723577235772358, "Precision": 0.7592592592592593, "Recall": 0.9761904761904762, "Accuracy": 0.7723577235772358, "_wandb": {"runtime": 2}}