{"Best Training Score": 0.8187384044526901, "_timestamp": 1712572467.9135585, "_runtime": 5.222151517868042, "_step": 3, "Test Accuracy": 0.7723577235772358, "Precision": 0.7592592592592593, "Recall": 0.9761904761904762, "Accuracy": 0.7723577235772358, "_wandb": {"runtime": 2}}