{"Precision": 0.7619047619047619, "Recall": 0.9523809523809523, "Accuracy": 0.7642276422764228, "_timestamp": 1712578100.043299, "_runtime": 7.53681492805481, "_step": 0, "_wandb": {"runtime": 0}}