{"Best Training Score": 0.8187384044526901, "_timestamp": 1712572044.6643069, "_runtime": 7.414077997207642, "_step": 1, "Test Accuracy": 0.7723577235772358, "_wandb": {"runtime": 3}}