{"Precision": 0.7766990291262136, "Recall": 0.9523809523809523, "Accuracy": 0.7804878048780488, "_timestamp": 1712566361.9934402, "_runtime": 143.8967890739441, "_step": 0, "_wandb": {"runtime": 7}}