{"Precision": 0.7592592592592593, "Recall": 0.9761904761904762, "Accuracy": 0.7723577235772358, "_timestamp": 1712570465.0531497, "_runtime": 2317.7946166992188, "_step": 7, "Best Parameters": {"C": 0.1, "gamma": 1, "kernel": "rbf"}, "Best Score": 0.6883941455370026, "_wandb": {"runtime": 2519}}