{"Best Training Score": 0.8187384044526901, "_timestamp": 1712572491.351536, "_runtime": 3.6771111488342285, "_step": 1, "Test Accuracy": 0.7723577235772358, "_wandb": {"runtime": 1}}