{"Best Training Score": 0.8187384044526901, "_timestamp": 1712576330.2792637, "_runtime": 9.445894718170166, "_step": 3, "Test Accuracy": 0.7723577235772358, "Precision": 0.7592592592592593, "Recall": 0.9761904761904762, "Accuracy": 0.7723577235772358, "_wandb": {"runtime": 2}}