{"Best Training Score": 0.8187384044526901, "_timestamp": 1712573002.3057895, "_runtime": 5.932603359222412, "_step": 1, "Test Accuracy": 0.7723577235772358, "_wandb": {"runtime": 3}}