{"Best Training Score": 0.8187384044526901, "_timestamp": 1712573712.327325, "_runtime": 637.9318552017212, "_step": 5, "Test Accuracy": 0.7723577235772358, "Precision": 0.7592592592592593, "Recall": 0.9761904761904762, "Accuracy": 0.7723577235772358, "_wandb": {"runtime": 685}}