{"Precision": 0.7619047619047619, "Recall": 0.9523809523809523, "Accuracy": 0.7642276422764228, "_timestamp": 1712601216.6550853, "_runtime": 5.576603412628174, "_step": 0, "_wandb": {"runtime": 1}}