{"Precision": 0.7592592592592593, "Recall": 0.9761904761904762, "Accuracy": 0.7723577235772358, "_timestamp": 1712572623.653327, "_runtime": 3.2551748752593994, "_step": 0, "_wandb": {"runtime": 364}}