{"Precision": 0.7592592592592593, "Recall": 0.9761904761904762, "Accuracy": 0.7723577235772358, "_timestamp": 1712570881.409731, "_runtime": 203.93919897079468, "_step": 2, "_wandb": {"runtime": 0}}