{"Best Training Score": 0.8187384044526901, "_timestamp": 1712567476.2393503, "_runtime": 18.62106943130493, "_step": 1, "Test Accuracy": 0.7723577235772358, "_wandb": {"runtime": 21}}